flight_date,flight_status,live,departure.airport,departure.timezone,departure.iata,departure.icao,departure.terminal,departure.gate,departure.delay,departure.scheduled,departure.estimated,departure.actual,departure.estimated_runway,departure.actual_runway,arrival.airport,arrival.timezone,arrival.iata,arrival.icao,arrival.terminal,arrival.gate,arrival.baggage,arrival.scheduled,arrival.delay,arrival.estimated,arrival.actual,arrival.estimated_runway,arrival.actual_runway,airline.name,airline.iata,airline.icao,flight.number,flight.iata,flight.icao,flight.codeshared,aircraft.registration,aircraft.iata,aircraft.icao,aircraft.icao24,aircraft,flight.codeshared.airline_name,flight.codeshared.airline_iata,flight.codeshared.airline_icao,flight.codeshared.flight_number,flight.codeshared.flight_iata,flight.codeshared.flight_icao
2026-06-29,scheduled,,Istanbul Airport,Europe/Istanbul,IST,LTFM,,A1F,,2026-06-29T04:45:00+00:00,2026-06-29T04:45:00+00:00,,,,Frankfurt International Airport,Europe/Berlin,FRA,EDDF,1,,,2026-06-29T06:55:00+00:00,,,,,,Turkish Airlines,TK,THY,1585,TK1585,THY1585,,,,,4BB068,,,,,,,
2026-06-29,scheduled,,Kopitnari,Asia/Tbilisi,KUT,UGKO,,,,2026-06-29T05:45:00+00:00,2026-06-29T05:45:00+00:00,,,,Leonardo Da Vinci (Fiumicino),Europe/Rome,FCO,LIRF,3,,1,2026-06-29T07:50:00+00:00,,,,,,Wizz Air,W6,WZZ,7921,W67921,WZZ7921,,,,,471F9F,,,,,,,
2026-06-29,scheduled,,Fergana,Asia/Tashkent,FEG,UZFF,,,,2026-06-29T13:00:00+00:00,2026-06-29T13:00:00+00:00,,,,Tashkent International,Asia/Tashkent,TAS,UZTT,3,,,2026-06-29T14:00:00+00:00,,,,,,empty,,,402,,,,,,,,,,,,,,
2026-06-29,active,,Elazig,Europe/Istanbul,EZS,LTCA,,,,2026-06-29T04:50:00+00:00,2026-06-29T04:50:00+00:00,,,,Esenboga International,Europe/Istanbul,ESB,LTAC,,,23,2026-06-29T06:10:00+00:00,5.0,,,,,AJet,VF,TKJ,4171,VF4171,TKJ4171,,,,,4BB027,,,,,,,
2026-06-29,active,,Indira Gandhi International,Asia/Kolkata,DEL,VIDP,1,D6,,2026-06-29T07:20:00+00:00,2026-06-29T07:20:00+00:00,,,,Satwari,Asia/Kolkata,IXJ,VIJU,1,,,2026-06-29T08:35:00+00:00,4.0,,,,,IndiGo,6E,IGO,6474,6E6474,IGO6474,,,,,8016CE,,,,,,,
2026-06-29,active,,Indira Gandhi International,Asia/Kolkata,DEL,VIDP,2,T27,,2026-06-29T07:15:00+00:00,2026-06-29T07:15:00+00:00,,,,Madras International (Meenambakkam),Asia/Kolkata,MAA,VOMM,1,,,2026-06-29T10:05:00+00:00,,,,,,IndiGo,6E,IGO,2368,6E2368,IGO2368,,,,,801772,,,,,,,
2026-06-29,active,,Indira Gandhi International,Asia/Kolkata,DEL,VIDP,1,D39,,2026-06-29T07:15:00+00:00,2026-06-29T07:15:00+00:00,,,,Chhatrapati Shivaji International (Sahar International),Asia/Kolkata,BOM,VABB,2,,,2026-06-29T09:30:00+00:00,,,,,,IndiGo,6E,IGO,6814,6E6814,IGO6814,,,,,80180C,,,,,,,
2026-06-29,scheduled,,Bharatpur Airport,Asia/Kathmandu,BHR,VNBP,,,,2026-06-29T14:15:00+00:00,2026-06-29T14:15:00+00:00,,,,Tribhuvan International,Asia/Kathmandu,KTM,VNKT,D,,,2026-06-29T14:40:00+00:00,,,,,,Buddha Air,U4,BHA,374,U4374,BHA374,,,,,,,,,,,,
2026-06-29,active,,Indira Gandhi International,Asia/Kolkata,DEL,VIDP,1,D14,,2026-06-29T07:05:00+00:00,2026-06-29T07:05:00+00:00,2026-06-29T07:17:00+00:00,2026-06-29T07:17:00+00:00,2026-06-29T07:17:00+00:00,Bangalore International Airport,Asia/Kolkata,BLR,VOBL,1,A7,1,2026-06-29T10:00:00+00:00,13.0,,,,,IndiGo,6E,IGO,810,6E810,IGO810,,,,,8017E5,,,,,,,
2026-06-29,scheduled,,Schiphol,Europe/Amsterdam,AMS,EHAM,2,D26,,2026-06-29T09:30:00+00:00,2026-06-29T09:30:00+00:00,,,,Dyce,Europe/London,ABZ,EGPD,,,,2026-06-29T10:00:00+00:00,,,,,,IndiGo,6E,IGO,3176,6E3176,IGO3176,,,,,,,klm,kl,klm,913,kl913,klm913
2026-06-29,scheduled,,Schiphol,Europe/Amsterdam,AMS,EHAM,2,D26,,2026-06-29T09:30:00+00:00,2026-06-29T09:30:00+00:00,,,,Dyce,Europe/London,ABZ,EGPD,,,,2026-06-29T10:00:00+00:00,,,,,,Virgin Atlantic,VS,VIR,6908,VS6908,VIR6908,,,,,,,klm,kl,klm,913,kl913,klm913
2026-06-29,scheduled,,Schiphol,Europe/Amsterdam,AMS,EHAM,2,D26,,2026-06-29T09:30:00+00:00,2026-06-29T09:30:00+00:00,,,,Dyce,Europe/London,ABZ,EGPD,,,,2026-06-29T10:00:00+00:00,,,,,,Kenya Airways,KQ,KQA,1443,KQ1443,KQA1443,,,,,,,klm,kl,klm,913,kl913,klm913
2026-06-29,scheduled,,Schiphol,Europe/Amsterdam,AMS,EHAM,2,D26,,2026-06-29T09:30:00+00:00,2026-06-29T09:30:00+00:00,,,,Dyce,Europe/London,ABZ,EGPD,,,,2026-06-29T10:00:00+00:00,,,,,,Delta Air Lines,DL,DAL,9295,DL9295,DAL9295,,,,,,,klm,kl,klm,913,kl913,klm913
2026-06-29,scheduled,,Schiphol,Europe/Amsterdam,AMS,EHAM,2,D26,,2026-06-29T09:30:00+00:00,2026-06-29T09:30:00+00:00,,,,Dyce,Europe/London,ABZ,EGPD,,,,2026-06-29T10:00:00+00:00,,,,,,Air France,AF,AFR,8222,AF8222,AFR8222,,,,,,,klm,kl,klm,913,kl913,klm913
2026-06-29,scheduled,,Jos,Africa/Lagos,JOS,DNJO,,,,2026-06-29T09:20:00+00:00,2026-06-29T09:20:00+00:00,,,,Nnamdi Azikiwe International Airport,Africa/Lagos,ABV,DNAA,,,,2026-06-29T10:05:00+00:00,,,,,,ValueJet,VK,FVJ,355,VK355,FVJ355,,,,,,,,,,,,
2026-06-29,scheduled,,Sam Mbakwe International,Africa/Lagos,QOW,DNIM,,,,2026-06-29T08:50:00+00:00,2026-06-29T08:50:00+00:00,,,,Nnamdi Azikiwe International Airport,Africa/Lagos,ABV,DNAA,,,,2026-06-29T10:00:00+00:00,,,,,,Air Peace,P4,APK,7151,P47151,APK7151,,,,,,,,,,,,
2026-06-29,scheduled,,Minna,Africa/Lagos,MXJ,DNMN,,,,2026-06-29T09:30:00+00:00,2026-06-29T09:30:00+00:00,,,,Nnamdi Azikiwe International Airport,Africa/Lagos,ABV,DNAA,B,,,2026-06-29T09:55:00+00:00,,,,,,Overland Airways,OF,OLA,1203,OF1203,OLA1203,,,,,,,,,,,,
2026-06-29,scheduled,,Akure,Africa/Lagos,AKR,DNAK,,,,2026-06-29T08:30:00+00:00,2026-06-29T08:30:00+00:00,,,,Nnamdi Azikiwe International Airport,Africa/Lagos,ABV,DNAA,,,,2026-06-29T09:38:00+00:00,,,,,,Green Africa,Q9,GWG,315,Q9315,GWG315,,,,,,,,,,,,
2026-06-29,scheduled,,Akure,Africa/Lagos,AKR,DNAK,,,,2026-06-29T08:30:00+00:00,2026-06-29T08:30:00+00:00,,,,Nnamdi Azikiwe International Airport,Africa/Lagos,ABV,DNAA,,,,2026-06-29T09:38:00+00:00,,,,,,Green Africa,Q9,GWG,9315,Q99315,GWG9315,,,,,,,,,,,,
2026-06-29,scheduled,,Altenrhein,Europe/Zurich,ACH,LSZR,,,,2026-06-29T10:20:00+00:00,2026-06-29T10:20:00+00:00,,,,Son Sant Joan Airport,Europe/Madrid,PMI,LEPA,N,,,2026-06-29T12:20:00+00:00,5.0,,,,,People's,PE,PEV,510,PE510,PEV510,,,,,440570,,,,,,,
2026-06-29,scheduled,,Lanzarote,Atlantic/Canary,ACE,GCRR,2,M2,,2026-06-29T09:40:00+00:00,2026-06-29T09:40:00+00:00,,,,Sur Reina Sofia,Atlantic/Canary,TFS,GCTS,,,B6,2026-06-29T10:40:00+00:00,,,,,,Binter Canarias,NT,IBB,781,NT781,IBB781,,,,,347159,,,,,,,
2026-06-29,scheduled,,Lanzarote,Atlantic/Canary,ACE,GCRR,2,P,,2026-06-29T09:30:00+00:00,2026-06-29T09:30:00+00:00,,,,Gran Canaria,Atlantic/Canary,LPA,GCLP,,,12,2026-06-29T10:15:00+00:00,,,,,,Binter Canarias,NT,IBB,519,NT519,IBB519,,,,,34758F,,,,,,,
2026-06-29,scheduled,,Lanzarote,Atlantic/Canary,ACE,GCRR,2,P,,2026-06-29T09:30:00+00:00,2026-06-29T09:30:00+00:00,,,,Gran Canaria,Atlantic/Canary,LPA,GCLP,,,12,2026-06-29T10:15:00+00:00,,,,,,Iberia,IB,IBE,7371,IB7371,IBE7371,,,,,34758F,,binter canarias,nt,ibb,519,nt519,ibb519
2026-06-29,scheduled,,Kotoka,Africa/Accra,ACC,DGAA,2,,,2026-06-29T08:50:00+00:00,2026-06-29T08:50:00+00:00,,,,Kumasi,Africa/Accra,KMS,DGSI,,,,2026-06-29T09:30:00+00:00,,,,,,PassionAir,OP,DIG,144,OP144,DIG144,,,,,,,,,,,,
2026-06-29,scheduled,,Kotoka,Africa/Accra,ACC,DGAA,,,,2026-06-29T08:45:00+00:00,2026-06-29T08:45:00+00:00,,,,Lungi International,Africa/Freetown,FNA,GFLL,,,,2026-06-29T11:35:00+00:00,,,,,,Air Peace,P4,APK,7536,P47536,APK7536,,,,,,,,,,,,
2026-06-29,scheduled,,Kotoka,Africa/Accra,ACC,DGAA,2,,,2026-06-29T08:40:00+00:00,2026-06-29T08:40:00+00:00,,,,Kumasi,Africa/Accra,KMS,DGSI,,,,2026-06-29T09:20:00+00:00,,,,,,Africa World Airlines,AW,AFW,104,AW104,AFW104,,,,,,,,,,,,
2026-06-29,scheduled,,Kotoka,Africa/Accra,ACC,DGAA,2,,,2026-06-29T08:40:00+00:00,2026-06-29T08:40:00+00:00,,,,Kumasi,Africa/Accra,KMS,DGSI,,,,2026-06-29T09:20:00+00:00,,,,,,euroairlines,Q4,ELE,4204,Q44204,ELE4204,,,,,,,africa world airlines,aw,afw,104,aw104,afw104
2026-06-29,scheduled,,Dyce,Europe/London,ABZ,EGPD,,,,2026-06-29T09:30:00+00:00,2026-06-29T09:30:00+00:00,,,,Sumburgh,Europe/London,LSI,EGPB,,,,2026-06-29T10:21:00+00:00,10.0,,,,,Loganair,LM,LOG,903,LM903,LOG903,,,,,408251,,,,,,,
2026-06-29,scheduled,,Dyce,Europe/London,ABZ,EGPD,,11,,2026-06-29T09:45:00+00:00,2026-06-29T09:45:00+00:00,,,,Sola,Europe/Oslo,SVG,ENZV,,,2,2026-06-29T11:45:00+00:00,,,,,,SAS,SK,SAS,4612,SK4612,SAS4612,,,,,,,,,,,,
2026-06-29,scheduled,,Dyce,Europe/London,ABZ,EGPD,,,,2026-06-29T09:45:00+00:00,2026-06-29T09:45:00+00:00,,,,Dublin International,Europe/Dublin,DUB,EIDW,1,,5,2026-06-29T11:25:00+00:00,,,,,,Loganair,LM,LOG,51,LM51,LOG51,,,,,408111,,,,,,,
2026-06-29,scheduled,,Dyce,Europe/London,ABZ,EGPD,,,,2026-06-29T09:45:00+00:00,2026-06-29T09:45:00+00:00,,,,Dublin International,Europe/Dublin,DUB,EIDW,1,,5,2026-06-29T11:25:00+00:00,,,,,,British Airways,BA,BAW,7871,BA7871,BAW7871,,,,,408111,,loganair,lm,log,51,lm51,log51
2026-06-29,scheduled,,Dyce,Europe/London,ABZ,EGPD,,,,2026-06-29T09:35:00+00:00,2026-06-29T09:35:00+00:00,,,,Heathrow,Europe/London,LHR,EGLL,5,,,2026-06-29T11:15:00+00:00,,,,,,British Airways,BA,BAW,1301,BA1301,BAW1301,,,,,407FCB,,,,,,,
2026-06-29,scheduled,,Dyce,Europe/London,ABZ,EGPD,,,,2026-06-29T09:35:00+00:00,2026-06-29T09:35:00+00:00,,,,Heathrow,Europe/London,LHR,EGLL,5,,,2026-06-29T11:15:00+00:00,,,,,,American Airlines,AA,AAL,7239,AA7239,AAL7239,,,,,407FCB,,british airways,ba,baw,1301,ba1301,baw1301
2026-06-29,scheduled,,Dyce,Europe/London,ABZ,EGPD,,,,2026-06-29T09:35:00+00:00,2026-06-29T09:35:00+00:00,,,,Heathrow,Europe/London,LHR,EGLL,5,,,2026-06-29T11:15:00+00:00,,,,,,Qatar Airways,QR,QTR,6009,QR6009,QTR6009,,,,,407FCB,,british airways,ba,baw,1301,ba1301,baw1301
2026-06-29,scheduled,,Dyce,Europe/London,ABZ,EGPD,,,,2026-06-29T09:35:00+00:00,2026-06-29T09:35:00+00:00,,,,Heathrow,Europe/London,LHR,EGLL,5,,,2026-06-29T11:15:00+00:00,,,,,,Iberia,IB,IBE,3695,IB3695,IBE3695,,,,,407FCB,,british airways,ba,baw,1301,ba1301,baw1301
2026-06-29,scheduled,,Dyce,Europe/London,ABZ,EGPD,,,,2026-06-29T09:35:00+00:00,2026-06-29T09:35:00+00:00,,,,Heathrow,Europe/London,LHR,EGLL,5,,,2026-06-29T11:15:00+00:00,,,,,,Malaysia Airlines,MH,MAS,9681,MH9681,MAS9681,,,,,407FCB,,british airways,ba,baw,1301,ba1301,baw1301
2026-06-29,scheduled,,Dyce,Europe/London,ABZ,EGPD,,,,2026-06-29T09:35:00+00:00,2026-06-29T09:35:00+00:00,,,,Heathrow,Europe/London,LHR,EGLL,5,,,2026-06-29T11:15:00+00:00,,,,,,Japan Airlines,JL,JTL,6504,JL6504,JTL6504,,,,,407FCB,,british airways,ba,baw,1301,ba1301,baw1301
2026-06-29,scheduled,,Dyce,Europe/London,ABZ,EGPD,,,,2026-06-29T09:35:00+00:00,2026-06-29T09:35:00+00:00,,,,Heathrow,Europe/London,LHR,EGLL,5,,,2026-06-29T11:15:00+00:00,,,,,,Qantas,QF,QFA,3562,QF3562,QFA3562,,,,,407FCB,,british airways,ba,baw,1301,ba1301,baw1301
2026-06-29,scheduled,,Dyce,Europe/London,ABZ,EGPD,,,,2026-06-29T09:30:00+00:00,2026-06-29T09:30:00+00:00,,,,Wick,Europe/London,WIC,EGPC,,,,2026-06-29T10:25:00+00:00,,,,,,Air Charter Scotland,,EDC,2562,,EDC2562,,,,,,,,,,,,
2026-06-29,scheduled,,Dyce,Europe/London,ABZ,EGPD,,,,2026-06-29T09:20:00+00:00,2026-06-29T09:20:00+00:00,,,,Dublin International,Europe/Dublin,DUB,EIDW,2,,2,2026-06-29T10:45:00+00:00,,,,,,Aer Lingus,EI,EIN,3243,EI3243,EIN3243,,,,,4CAA55,,,,,,,
2026-06-29,scheduled,,Dyce,Europe/London,ABZ,EGPD,,,,2026-06-29T09:20:00+00:00,2026-06-29T09:20:00+00:00,,,,Dublin International,Europe/Dublin,DUB,EIDW,2,,2,2026-06-29T10:45:00+00:00,,,,,,British Airways,BA,BAW,8983,BA8983,BAW8983,,,,,4CAA55,,aer lingus,ei,ein,3243,ei3243,ein3243
2026-06-29,scheduled,,Dyce,Europe/London,ABZ,EGPD,,,,2026-06-29T09:10:00+00:00,2026-06-29T09:10:00+00:00,,,,Schiphol,Europe/Amsterdam,AMS,EHAM,,A08,,2026-06-29T11:45:00+00:00,,,,,,German Airways,ZQ,GER,912,ZQ912,GER912,,,,,3C5DB0,,,,,,,
2026-06-29,scheduled,,Dyce,Europe/London,ABZ,EGPD,,,,2026-06-29T09:10:00+00:00,2026-06-29T09:10:00+00:00,,,,Schiphol,Europe/Amsterdam,AMS,EHAM,,A08,,2026-06-29T11:45:00+00:00,,,,,,IndiGo,6E,IGO,3201,6E3201,IGO3201,,,,,3C5DB0,,german airways,zq,ger,912,zq912,ger912
2026-06-29,scheduled,,Dyce,Europe/London,ABZ,EGPD,,,,2026-06-29T09:10:00+00:00,2026-06-29T09:10:00+00:00,,,,Schiphol,Europe/Amsterdam,AMS,EHAM,,A08,,2026-06-29T11:45:00+00:00,,,,,,Virgin Atlantic,VS,VIR,6901,VS6901,VIR6901,,,,,3C5DB0,,german airways,zq,ger,912,zq912,ger912
2026-06-29,scheduled,,Dyce,Europe/London,ABZ,EGPD,,,,2026-06-29T09:10:00+00:00,2026-06-29T09:10:00+00:00,,,,Schiphol,Europe/Amsterdam,AMS,EHAM,,A08,,2026-06-29T11:45:00+00:00,,,,,,Kenya Airways,KQ,KQA,1442,KQ1442,KQA1442,,,,,3C5DB0,,german airways,zq,ger,912,zq912,ger912
2026-06-29,scheduled,,Dyce,Europe/London,ABZ,EGPD,,,,2026-06-29T09:10:00+00:00,2026-06-29T09:10:00+00:00,,,,Schiphol,Europe/Amsterdam,AMS,EHAM,,A08,,2026-06-29T11:45:00+00:00,,,,,,GOL,G3,GLO,5505,G35505,GLO5505,,,,,3C5DB0,,german airways,zq,ger,912,zq912,ger912
2026-06-29,scheduled,,Dyce,Europe/London,ABZ,EGPD,,,,2026-06-29T09:10:00+00:00,2026-06-29T09:10:00+00:00,,,,Schiphol,Europe/Amsterdam,AMS,EHAM,,A08,,2026-06-29T11:45:00+00:00,,,,,,Delta Air Lines,DL,DAL,9175,DL9175,DAL9175,,,,,3C5DB0,,german airways,zq,ger,912,zq912,ger912
2026-06-29,scheduled,,Dyce,Europe/London,ABZ,EGPD,,,,2026-06-29T09:10:00+00:00,2026-06-29T09:10:00+00:00,,,,Schiphol,Europe/Amsterdam,AMS,EHAM,,A08,,2026-06-29T11:45:00+00:00,,,,,,Air France,AF,AFR,8376,AF8376,AFR8376,,,,,3C5DB0,,german airways,zq,ger,912,zq912,ger912
2026-06-29,scheduled,,Nnamdi Azikiwe International Airport,Africa/Lagos,ABV,DNAA,,,,2026-06-29T09:50:00+00:00,2026-06-29T09:50:00+00:00,,,,Aminu Kano International Airport,Africa/Lagos,KAN,DNKN,,,,2026-06-29T10:50:00+00:00,,,,,,UmzaXpress,UY,UMZ,425,UY425,UMZ425,,,,,,,,,,,,
2026-06-29,scheduled,,Nnamdi Azikiwe International Airport,Africa/Lagos,ABV,DNAA,,,,2026-06-29T09:15:00+00:00,2026-06-29T09:15:00+00:00,,,,Benin City,Africa/Lagos,BNI,DNBE,,,,2026-06-29T10:15:00+00:00,,,,,,Aero,N2,NIG,165,N2165,NIG165,,,,,,,,,,,,
2026-06-29,scheduled,,Nnamdi Azikiwe International Airport,Africa/Lagos,ABV,DNAA,B,,,2026-06-29T09:15:00+00:00,2026-06-29T09:15:00+00:00,,,,Akwa Ibom International,Africa/Lagos,QUO,DNAI,,,,2026-06-29T10:15:00+00:00,,,,,,Ibom Air,QI,IAN,521,QI521,IAN521,,,,,,,,,,,,
2026-06-29,scheduled,,Nnamdi Azikiwe International Airport,Africa/Lagos,ABV,DNAA,B,,,2026-06-29T09:15:00+00:00,2026-06-29T09:15:00+00:00,,,,Akwa Ibom International,Africa/Lagos,QUO,DNAI,,,,2026-06-29T10:15:00+00:00,,,,,,,A1,A1,5273,A15273,A15273,,,,,,,ibom air,qi,ian,521,qi521,ian521
2026-06-29,scheduled,,Altay,Asia/Shanghai,AAT,ZWAT,,5,,2026-06-29T16:45:00+00:00,2026-06-29T16:45:00+00:00,,,,Hami,Asia/Shanghai,HMI,ZWHM,,,,2026-06-29T18:05:00+00:00,,,,,,Chengdu Airlines,EU,UEA,2271,EU2271,UEA2271,,,,,,,,,,,,
2026-06-29,scheduled,,Altay,Asia/Shanghai,AAT,ZWAT,,5,,2026-06-29T16:45:00+00:00,2026-06-29T16:45:00+00:00,,,,Hami,Asia/Shanghai,HMI,ZWHM,,,,2026-06-29T18:05:00+00:00,,,,,,Tibet Airlines,TV,TBA,5149,TV5149,TBA5149,,,,,,,chengdu airlines,eu,uea,2271,eu2271,uea2271
2026-06-29,scheduled,,Altay,Asia/Shanghai,AAT,ZWAT,,5,,2026-06-29T16:45:00+00:00,2026-06-29T16:45:00+00:00,,,,Hami,Asia/Shanghai,HMI,ZWHM,,,,2026-06-29T18:05:00+00:00,,,,,,Loong Air,GJ,CDC,5149,GJ5149,CDC5149,,,,,,,chengdu airlines,eu,uea,2271,eu2271,uea2271
2026-06-29,scheduled,,Altay,Asia/Shanghai,AAT,ZWAT,,5,,2026-06-29T16:45:00+00:00,2026-06-29T16:45:00+00:00,,,,Hami,Asia/Shanghai,HMI,ZWHM,,,,2026-06-29T18:05:00+00:00,,,,,,Sichuan Airlines,3U,CSC,5605,3U5605,CSC5605,,,,,,,chengdu airlines,eu,uea,2271,eu2271,uea2271
2026-06-29,scheduled,,Altay,Asia/Shanghai,AAT,ZWAT,,3-5,,2026-06-29T16:40:00+00:00,2026-06-29T16:40:00+00:00,,,,,,URC,ZWWW,3,,,2026-06-29T17:55:00+00:00,,,,,,China Southern Airlines,CZ,CSN,6844,CZ6844,CSN6844,,,,,78130A,,,,,,,
2026-06-29,scheduled,,Altay,Asia/Shanghai,AAT,ZWAT,,3-5,,2026-06-29T16:40:00+00:00,2026-06-29T16:40:00+00:00,,,,,,URC,ZWWW,3,,,2026-06-29T17:55:00+00:00,,,,,,Sichuan Airlines,3U,CSC,1838,3U1838,CSC1838,,,,,78130A,,china southern airlines,cz,csn,6844,cz6844,csn6844
2026-06-29,scheduled,,Aarhus Airport,Europe/Copenhagen,AAR,EKAH,,,,2026-06-29T10:30:00+00:00,2026-06-29T10:30:00+00:00,,,,Souda,Europe/Athens,CHQ,LGSA,1,,,2026-06-29T15:10:00+00:00,5.0,,,,,Aegean Airlines,A3,AEE,4553,A34553,AEE4553,,,,,4691C1,,,,,,,
2026-06-29,scheduled,,Aalborg,Europe/Copenhagen,AAL,EKYT,,4,,2026-06-29T10:30:00+00:00,2026-06-29T10:30:00+00:00,,,,Schiphol,Europe/Amsterdam,AMS,EHAM,,A04,,2026-06-29T11:55:00+00:00,,,,,,KLM,KL,KLM,1284,KL1284,KLM1284,,,,,,,,,,,,
2026-06-29,scheduled,,Aalborg,Europe/Copenhagen,AAL,EKYT,,4,,2026-06-29T10:30:00+00:00,2026-06-29T10:30:00+00:00,,,,Schiphol,Europe/Amsterdam,AMS,EHAM,,A04,,2026-06-29T11:55:00+00:00,,,,,,Kenya Airways,KQ,KQA,1330,KQ1330,KQA1330,,,,,,,klm,kl,klm,1284,kl1284,klm1284
2026-06-29,scheduled,,Aalborg,Europe/Copenhagen,AAL,EKYT,,4,,2026-06-29T10:30:00+00:00,2026-06-29T10:30:00+00:00,,,,Schiphol,Europe/Amsterdam,AMS,EHAM,,A04,,2026-06-29T11:55:00+00:00,,,,,,GOL,G3,GLO,5504,G35504,GLO5504,,,,,,,klm,kl,klm,1284,kl1284,klm1284
2026-06-29,scheduled,,Aalborg,Europe/Copenhagen,AAL,EKYT,,4,,2026-06-29T10:30:00+00:00,2026-06-29T10:30:00+00:00,,,,Schiphol,Europe/Amsterdam,AMS,EHAM,,A04,,2026-06-29T11:55:00+00:00,,,,,,Delta Air Lines,DL,DAL,9172,DL9172,DAL9172,,,,,,,klm,kl,klm,1284,kl1284,klm1284
2026-06-29,scheduled,,Aalborg,Europe/Copenhagen,AAL,EKYT,,4,,2026-06-29T10:30:00+00:00,2026-06-29T10:30:00+00:00,,,,Schiphol,Europe/Amsterdam,AMS,EHAM,,A04,,2026-06-29T11:55:00+00:00,,,,,,Air France,AF,AFR,3120,AF3120,AFR3120,,,,,,,klm,kl,klm,1284,kl1284,klm1284
2026-06-29,scheduled,,Les Salines,Africa/Algiers,AAE,DABB,,,,2026-06-29T09:40:00+00:00,2026-06-29T09:40:00+00:00,,,,Guemar,Africa/Algiers,ELU,DAUO,,,,2026-06-29T10:30:00+00:00,,,,,,Domestic Airlines,SF,DTH,2105,SF2105,DTH2105,,,,,0A0053,,,,,,,
2026-06-29,scheduled,,Soekarno-Hatta International,Asia/Jakarta,CGK,WIII,3,,,2026-06-29T13:10:00+00:00,2026-06-29T13:10:00+00:00,,,,Sjamsudin Noor,Asia/Makassar,BDJ,WAOO,,,,2026-06-29T16:10:00+00:00,,,,,,Malaysia Airlines,MH,MAS,4020,MH4020,MAS4020,,,,,,,garuda indonesia,ga,gia,532,ga532,gia532
2026-06-29,scheduled,,Son Sant Joan Airport,Europe/Madrid,PMI,LEPA,,,,2026-06-29T10:15:00+00:00,2026-06-29T10:15:00+00:00,,,,El Prat De Llobregat,Europe/Madrid,BCN,LEBL,1,,15,2026-06-29T11:05:00+00:00,,,,,,Air Europa,UX,AEA,6156,UX6156,AEA6156,,,,,344341,,,,,,,
2026-06-29,scheduled,,Bradley International,America/New_York,BDL,KBDL,A,29,,2026-06-29T05:00:00+00:00,2026-06-29T05:00:00+00:00,,,,Ronald Reagan Washington National Airport,America/New_York,DCA,KDCA,2,E56,8,2026-06-29T06:47:00+00:00,,,,,,American Airlines,AA,AAL,5034,AA5034,AAL5034,,,,,A9739C,,,,,,,
2026-06-29,scheduled,,Bradley International,America/New_York,BDL,KBDL,A,29,,2026-06-29T05:00:00+00:00,2026-06-29T05:00:00+00:00,,,,Ronald Reagan Washington National Airport,America/New_York,DCA,KDCA,2,E56,8,2026-06-29T06:47:00+00:00,,,,,,AlphaSky,AS,JAG,6414,AS6414,JAG6414,,,,,A9739C,,american airlines,aa,aal,5034,aa5034,aal5034
2026-06-29,scheduled,,Sjamsudin Noor,Asia/Makassar,BDJ,WAOO,,,,2026-06-29T16:55:00+00:00,2026-06-29T16:55:00+00:00,,,,Soekarno-Hatta International,Asia/Jakarta,CGK,WIII,3,,,2026-06-29T17:45:00+00:00,,,,,,Garuda Indonesia,GA,GIA,537,GA537,GIA537,,,,,,,,,,,,
2026-06-29,scheduled,,Sjamsudin Noor,Asia/Makassar,BDJ,WAOO,,,,2026-06-29T16:55:00+00:00,2026-06-29T16:55:00+00:00,,,,Soekarno-Hatta International,Asia/Jakarta,CGK,WIII,3,,,2026-06-29T17:45:00+00:00,,,,,,Philippine Airlines,PR,PAL,3283,PR3283,PAL3283,,,,,,,garuda indonesia,ga,gia,537,ga537,gia537
2026-06-29,scheduled,,Sjamsudin Noor,Asia/Makassar,BDJ,WAOO,,,,2026-06-29T16:55:00+00:00,2026-06-29T16:55:00+00:00,,,,Soekarno-Hatta International,Asia/Jakarta,CGK,WIII,3,,,2026-06-29T17:45:00+00:00,,,,,,Malaysia Airlines,MH,MAS,4043,MH4043,MAS4043,,,,,,,garuda indonesia,ga,gia,537,ga537,gia537
2026-06-29,scheduled,,El Prat De Llobregat,Europe/Madrid,BCN,LEBL,2,,,2026-06-29T11:05:00+00:00,2026-06-29T11:05:00+00:00,,,,Gatwick,Europe/London,LGW,EGKK,N,,,2026-06-29T12:40:00+00:00,,,,,,easyJet,U2,EZY,8056,U28056,EZY8056,,,,,,,,,,,,
2026-06-29,scheduled,,El Prat De Llobregat,Europe/Madrid,BCN,LEBL,1,,,2026-06-29T11:05:00+00:00,2026-06-29T11:05:00+00:00,,,,Internacional Benito Juarez,America/Mexico_City,MEX,MMMX,1,,,2026-06-29T15:05:00+00:00,,,,,,Emirates,EK,UAE,255,EK255,UAE255,,,,,,,,,,,,
2026-06-29,scheduled,,El Prat De Llobregat,Europe/Madrid,BCN,LEBL,1,,,2026-06-29T11:00:00+00:00,2026-06-29T11:00:00+00:00,,,,Capodichino,Europe/Rome,NAP,LIRN,,,,2026-06-29T13:00:00+00:00,,,,,,Vueling,VY,VLG,6504,VY6504,VLG6504,,,,,3444D1,,,,,,,
2026-06-29,scheduled,,El Prat De Llobregat,Europe/Madrid,BCN,LEBL,2,,,2026-06-29T11:00:00+00:00,2026-06-29T11:00:00+00:00,,,,Cologne/bonn,Europe/Berlin,CGN,EDDK,1,C50,,2026-06-29T13:20:00+00:00,,,,,,Eurowings,EW,EWG,521,EW521,EWG521,,,,,,,,,,,,
2026-06-29,scheduled,,El Prat De Llobregat,Europe/Madrid,BCN,LEBL,2,,,2026-06-29T11:00:00+00:00,2026-06-29T11:00:00+00:00,,,,Dublin International,Europe/Dublin,DUB,EIDW,2,,,2026-06-29T12:50:00+00:00,,,,,,Aer Lingus,EI,EIN,563,EI563,EIN563,,,,,,,,,,,,
2026-06-29,scheduled,,El Prat De Llobregat,Europe/Madrid,BCN,LEBL,1,E73,,2026-06-29T11:00:00+00:00,2026-06-29T11:00:00+00:00,,,,Hartsfield-jackson Atlanta International,America/New_York,ATL,KATL,I,E11,INTL,2026-06-29T15:08:00+00:00,,,,,,Delta Air Lines,DL,DAL,195,DL195,DAL195,,,,,AB40F8,,,,,,,
2026-06-29,scheduled,,El Prat De Llobregat,Europe/Madrid,BCN,LEBL,1,,,2026-06-29T10:55:00+00:00,2026-06-29T10:55:00+00:00,,,,Euroairport Swiss,Europe/Zurich,BSL,LFSB,,,,2026-06-29T12:45:00+00:00,,,,,,Vueling,VY,VLG,6260,VY6260,VLG6260,,,,,345102,,,,,,,
2026-06-29,scheduled,,El Prat De Llobregat,Europe/Madrid,BCN,LEBL,1,,,2026-06-29T10:55:00+00:00,2026-06-29T10:55:00+00:00,,,,Gatwick,Europe/London,LGW,EGKK,S,,,2026-06-29T12:20:00+00:00,,,,,,Vueling,VY,VLG,6008,VY6008,VLG6008,,,,,346091,,,,,,,
2026-06-29,scheduled,,El Prat De Llobregat,Europe/Madrid,BCN,LEBL,2,,,2026-06-29T10:55:00+00:00,2026-06-29T10:55:00+00:00,,,,Luton Airport,Europe/London,LTN,EGGW,,,,2026-06-29T12:25:00+00:00,,,,,,easyJet,U2,EZY,2324,U22324,EZY2324,,,,,,,,,,,,
2026-06-29,scheduled,,El Prat De Llobregat,Europe/Madrid,BCN,LEBL,1,,,2026-06-29T10:55:00+00:00,2026-06-29T10:55:00+00:00,,,,Shanghai Pudong International,Asia/Shanghai,PVG,ZSPD,1,,,2026-06-30T05:25:00+00:00,,,,,,China Eastern Airlines,MU,CES,250,MU250,CES250,,,,,7815A1,,,,,,,
2026-06-29,scheduled,,El Prat De Llobregat,Europe/Madrid,BCN,LEBL,1,D11,,2026-06-29T10:55:00+00:00,2026-06-29T10:55:00+00:00,,,,John F Kennedy International,America/New_York,JFK,KJFK,4,B39,,2026-06-29T13:27:00+00:00,,,,,,Delta Air Lines,DL,DAL,129,DL129,DAL129,,,,,AAF5B1,,,,,,,
2026-06-29,scheduled,,El Prat De Llobregat,Europe/Madrid,BCN,LEBL,1,,,2026-06-29T10:50:00+00:00,2026-06-29T10:50:00+00:00,,,,Charles De Gaulle,Europe/Paris,CDG,LFPG,3,,,2026-06-29T12:50:00+00:00,,,,,,Vueling,VY,VLG,8250,VY8250,VLG8250,,,,,345042,,,,,,,
2026-06-29,scheduled,,El Prat De Llobregat,Europe/Madrid,BCN,LEBL,2,,,2026-06-29T10:50:00+00:00,2026-06-29T10:50:00+00:00,,,,Birmingham Airport,Europe/London,BHX,EGBB,,,,2026-06-29T12:20:00+00:00,,,,,,easyJet,U2,EZY,6620,U26620,EZY6620,,,,,,,,,,,,
2026-06-29,scheduled,,El Prat De Llobregat,Europe/Madrid,BCN,LEBL,1,,,2026-06-29T10:50:00+00:00,2026-06-29T10:50:00+00:00,,,,John Paul II Balice International,Europe/Warsaw,KRK,EPKK,T,,,2026-06-29T13:30:00+00:00,,,,,,LOT,LO,LOT,2164,LO2164,LOT2164,,,,,,,,,,,,
2026-06-29,scheduled,,El Prat De Llobregat,Europe/Madrid,BCN,LEBL,2,,,2026-06-29T10:45:00+00:00,2026-06-29T10:45:00+00:00,,,,Nador,Africa/Casablanca,NDR,GMMW,,,,2026-06-29T11:35:00+00:00,,,,,,Air Arabia Maroc,3O,MAC,376,3O376,MAC376,,,,,,,,,,,,
2026-06-29,scheduled,,El Prat De Llobregat,Europe/Madrid,BCN,LEBL,1,,,2026-06-29T10:45:00+00:00,2026-06-29T10:45:00+00:00,,,,Ben Gurion International,Asia/Jerusalem,TLV,LLBG,3,,,2026-06-29T15:50:00+00:00,,,,,,El Al,LY,ELY,394,LY394,ELY394,,,,,,,,,,,,
2026-06-29,scheduled,,El Prat De Llobregat,Europe/Madrid,BCN,LEBL,1,,,2026-06-29T10:45:00+00:00,2026-06-29T10:45:00+00:00,,,,Abu Dhabi International,Asia/Dubai,AUH,OMAA,A,,,2026-06-29T19:20:00+00:00,14.0,,,,,Etihad Airways,EY,ETD,112,EY112,ETD112,,,,,89653A,,,,,,,
2026-06-29,scheduled,,El Prat De Llobregat,Europe/Madrid,BCN,LEBL,1,,,2026-06-29T10:45:00+00:00,2026-06-29T10:45:00+00:00,,,,Dallas/Fort Worth International,America/Chicago,DFW,KDFW,D,D29,CUST,2026-06-29T14:55:00+00:00,29.0,,,,,American Airlines,AA,AAL,193,AA193,AAL193,,,,,AA1A16,,,,,,,
2026-06-29,scheduled,,El Prat De Llobregat,Europe/Madrid,BCN,LEBL,2,,,2026-06-29T10:40:00+00:00,2026-06-29T10:40:00+00:00,,,,Edinburgh,Europe/London,EDI,EGPH,,,,2026-06-29T12:35:00+00:00,,,,,,Ryanair,FR,RYR,6267,FR6267,RYR6267,,,,,,,,,,,,
2026-06-29,scheduled,,El Prat De Llobregat,Europe/Madrid,BCN,LEBL,2,,,2026-06-29T10:40:00+00:00,2026-06-29T10:40:00+00:00,,,,Capodichino,Europe/Rome,NAP,LIRN,,,,2026-06-29T12:40:00+00:00,,,,,,Ryanair,FR,RYR,58,FR58,RYR58,,,,,,,,,,,,
2026-06-29,scheduled,,El Prat De Llobregat,Europe/Madrid,BCN,LEBL,1,,,2026-06-29T10:35:00+00:00,2026-06-29T10:35:00+00:00,,,,Gatwick,Europe/London,LGW,EGKK,S,,,2026-06-29T12:00:00+00:00,,,,,,Vueling,VY,VLG,7832,VY7832,VLG7832,,,,,342582,,,,,,,
2026-06-29,scheduled,,El Prat De Llobregat,Europe/Madrid,BCN,LEBL,2,,,2026-06-29T10:35:00+00:00,2026-06-29T10:35:00+00:00,,,,Liverpool John Lennon,Europe/London,LPL,EGGP,,,,2026-06-29T12:10:00+00:00,,,,,,easyJet,U2,EZY,3372,U23372,EZY3372,,,,,,,,,,,,
2026-06-29,scheduled,,El Prat De Llobregat,Europe/Madrid,BCN,LEBL,1,,,2026-06-29T10:35:00+00:00,2026-06-29T10:35:00+00:00,,,,Barajas,Europe/Madrid,MAD,LEMD,4,,,2026-06-29T12:00:00+00:00,,,,,,Iberia,IB,IBE,408,IB408,IBE408,,,,,3445D4,,,,,,,
2026-06-29,scheduled,,El Prat De Llobregat,Europe/Madrid,BCN,LEBL,1,,,2026-06-29T10:35:00+00:00,2026-06-29T10:35:00+00:00,,,,Heathrow,Europe/London,LHR,EGLL,5,,,2026-06-29T12:05:00+00:00,,,,,,British Airways,BA,BAW,473,BA473,BAW473,,,,,40097F,,,,,,,
2026-06-29,scheduled,,El Prat De Llobregat,Europe/Madrid,BCN,LEBL,2,,,2026-06-29T10:30:00+00:00,2026-06-29T10:30:00+00:00,,,,Stansted,Europe/London,STN,EGSS,,,,2026-06-29T11:55:00+00:00,,,,,,Ryanair,FR,RYR,8231,FR8231,RYR8231,,,,,,,,,,,,
2026-06-29,scheduled,,El Prat De Llobregat,Europe/Madrid,BCN,LEBL,1,,,2026-06-29T10:30:00+00:00,2026-06-29T10:30:00+00:00,,,,Chicago O'hare International,America/Chicago,ORD,KORD,5,IAB,CUST,2026-06-29T13:20:00+00:00,24.0,,,,,American Airlines,AA,AAL,41,AA41,AAL41,,,,,AC0CAB,,,,,,,
2026-06-29,scheduled,,El Prat De Llobregat,Europe/Madrid,BCN,LEBL,1,,,2026-06-29T10:25:00+00:00,2026-06-29T10:25:00+00:00,,,,Marco Polo,Europe/Rome,VCE,LIPZ,,,,2026-06-29T12:15:00+00:00,,,,,,Vueling,VY,VLG,6406,VY6406,VLG6406,,,,,348206,,,,,,,
2026-06-29,scheduled,,El Prat De Llobregat,Europe/Madrid,BCN,LEBL,2,,,2026-06-29T10:25:00+00:00,2026-06-29T10:25:00+00:00,,,,Manchester Airport,Europe/London,MAN,EGCC,2,,,2026-06-29T12:00:00+00:00,,,,,,easyJet,U2,EZY,2002,U22002,EZY2002,,,,,,,,,,,,
